{
  "genesis_time": "2022-04-10T13:33:34.377281821Z",
  "chain_id": "torii-1",
  "initial_height": "1",
  "consensus_params": {
    "block": {
      "max_bytes": "2000000",
      "max_gas": "2000000",
      "time_iota_ms": "1000"
    },
    "evidence": {
      "max_age_num_blocks": "100000",
      "max_age_duration": "172800000000000",
      "max_bytes": "1048576"
    },
    "validator": {
      "pub_key_types": [
        "ed25519"
      ]
    },
    "version": {}
  },
  "app_hash": "",
  "app_state": {
    "auth": {
      "params": {
        "max_memo_characters": "256",
        "tx_sig_limit": "7",
        "tx_size_cost_per_byte": "10",
        "sig_verify_cost_ed25519": "590",
        "sig_verify_cost_secp256k1": "1000"
      },
      "accounts": [
        {
          "@type": "/cosmos.auth.v1beta1.BaseAccount",
          "address": "archway1ntu5fmt2c6djgyxszefftpd89n7dma3p6nrtgq",
          "pub_key": null,
          "account_number": "0",
          "sequence": "0"
        },
        {
          "@type": "/cosmos.auth.v1beta1.BaseAccount",
          "address": "archway1ea327s9scrxz0yjy34f6n8pydjumu93ucuqcug",
          "pub_key": null,
          "account_number": "0",
          "sequence": "0"
        },
        {
          "@type": "/cosmos.auth.v1beta1.BaseAccount",
          "address": "archway1atwx2cs5fep6gr92vlrkqmjmtukaqerewgyaec",
          "pub_key": null,
          "account_number": "0",
          "sequence": "0"
        },
        {
          "@type": "/cosmos.auth.v1beta1.BaseAccount",
          "address": "archway1yvhz3d0744ge3ayweakaj867cf6vyuhxmctrp2",
          "pub_key": null,
          "account_number": "0",
          "sequence": "0"
        },
        {
          "@type": "/cosmos.auth.v1beta1.BaseAccount",
          "address": "archway1j2t0yfqf5467cn53s6zjue859jsmn7966t50v2",
          "pub_key": null,
          "account_number": "0",
          "sequence": "0"
        },
        {
          "@type": "/cosmos.auth.v1beta1.BaseAccount",
          "address": "archway1fhg3x3achdy55kcxnktdqzarvsagn75hrfrtry",
          "pub_key": null,
          "account_number": "0",
          "sequence": "0"
        },
        {
          "@type": "/cosmos.auth.v1beta1.BaseAccount",
          "address": "archway16kspwgyd43xj5xm73c8j90v2rqra6pa5gfx0ck",
          "pub_key": null,
          "account_number": "0",
          "sequence": "0"
        },
        {
          "@type": "/cosmos.auth.v1beta1.BaseAccount",
          "address": "archway1fe6tvr8p6p7rmtgmyj85df0l5le0ds7d5d52ms",
          "pub_key": null,
          "account_number": "0",
          "sequence": "0"
        },
        {
          "@type": "/cosmos.auth.v1beta1.BaseAccount",
          "address": "archway188gxl0puff90zj59zmwclqa36dffl9z0zwjncp",
          "pub_key": null,
          "account_number": "0",
          "sequence": "0"
        },
        {
          "@type": "/cosmos.auth.v1beta1.BaseAccount",
          "address": "archway1h2v83q9dh483wq006yj3ejexq402dqh6spml3e",
          "pub_key": null,
          "account_number": "0",
          "sequence": "0"
        }
      ]
    },
    "authz": {
      "authorization": []
    },
    "bank": {
      "params": {
        "send_enabled": [],
        "default_send_enabled": true
      },
      "balances": [
        {
          "address": "archway1yvhz3d0744ge3ayweakaj867cf6vyuhxmctrp2",
          "coins": [
            {
              "denom": "utorii",
              "amount": "134000000000000"
            }
          ]
        },
        {
          "address": "archway188gxl0puff90zj59zmwclqa36dffl9z0zwjncp",
          "coins": [
            {
              "denom": "utorii",
              "amount": "33333333333333"
            }
          ]
        },
        {
          "address": "archway1fhg3x3achdy55kcxnktdqzarvsagn75hrfrtry",
          "coins": [
            {
              "denom": "utorii",
              "amount": "33333333333334"
            }
          ]
        },
        {
          "address": "archway1fe6tvr8p6p7rmtgmyj85df0l5le0ds7d5d52ms",
          "coins": [
            {
              "denom": "utorii",
              "amount": "33333333333333"
            }
          ]
        },
        {
          "address": "archway1j2t0yfqf5467cn53s6zjue859jsmn7966t50v2",
          "coins": [
            {
              "denom": "utorii",
              "amount": "134000000000000"
            }
          ]
        },
        {
          "address": "archway1ntu5fmt2c6djgyxszefftpd89n7dma3p6nrtgq",
          "coins": [
            {
              "denom": "utorii",
              "amount": "134000000000000"
            }
          ]
        },
        {
          "address": "archway1ea327s9scrxz0yjy34f6n8pydjumu93ucuqcug",
          "coins": [
            {
              "denom": "utorii",
              "amount": "134000000000000"
            }
          ]
        },
        {
          "address": "archway16kspwgyd43xj5xm73c8j90v2rqra6pa5gfx0ck",
          "coins": [
            {
              "denom": "utorii",
              "amount": "100000000000000"
            }
          ]
        },
        {
          "address": "archway1atwx2cs5fep6gr92vlrkqmjmtukaqerewgyaec",
          "coins": [
            {
              "denom": "utorii",
              "amount": "134000000000000"
            }
          ]
        }
      ],
      "supply": [
        {
          "denom": "utorii",
          "amount": "870000000000000"
        }
      ],
      "denom_metadata": [
        {
          "description": "The native token for Torii incentivized testnet",
          "denom_units": [
            {
              "denom": "utorii",
              "exponent": 0,
              "aliases": [
                "microtorii"
              ]
            },
            {
              "denom": "mtorii",
              "exponent": 3,
              "aliases": [
                "millitorii"
              ]
            },
            {
              "denom": "torii",
              "exponent": 6,
              "aliases": [
                "torii"
              ]
            }
          ],
          "base": "utorii",
          "display": "torii",
          "name": "Torii Token",
          "symbol": "Torii"
        }
      ]
    },
    "capability": {
      "index": "1",
      "owners": []
    },
    "crisis": {
      "constant_fee": {
        "denom": "utorii",
        "amount": "1000"
      }
    },
    "distribution": {
      "params": {
        "community_tax": "0.020000000000000000",
        "base_proposer_reward": "0.010000000000000000",
        "bonus_proposer_reward": "0.040000000000000000",
        "withdraw_addr_enabled": true
      },
      "fee_pool": {
        "community_pool": []
      },
      "delegator_withdraw_infos": [],
      "previous_proposer": "",
      "outstanding_rewards": [],
      "validator_accumulated_commissions": [],
      "validator_historical_rewards": [],
      "validator_current_rewards": [],
      "delegator_starting_infos": [],
      "validator_slash_events": []
    },
    "evidence": {
      "evidence": []
    },
    "feegrant": {
      "allowances": []
    },
    "gastracker": {},
    "genutil": {
      "gen_txs": []
    },
    "gov": {
      "starting_proposal_id": "1",
      "deposits": [],
      "votes": [],
      "proposals": [],
      "deposit_params": {
        "min_deposit": [
          {
            "denom": "utorii",
            "amount": "10000000"
          }
        ],
        "max_deposit_period": "172800s"
      },
      "voting_params": {
        "voting_period": "172800s"
      },
      "tally_params": {
        "quorum": "0.334000000000000000",
        "threshold": "0.500000000000000000",
        "veto_threshold": "0.334000000000000000"
      }
    },
    "ibc": {
      "client_genesis": {
        "clients": [],
        "clients_consensus": [],
        "clients_metadata": [],
        "params": {
          "allowed_clients": [
            "06-solomachine",
            "07-tendermint"
          ]
        },
        "create_localhost": false,
        "next_client_sequence": "0"
      },
      "connection_genesis": {
        "connections": [],
        "client_connection_paths": [],
        "next_connection_sequence": "0",
        "params": {
          "max_expected_time_per_block": "30000000000"
        }
      },
      "channel_genesis": {
        "channels": [],
        "acknowledgements": [],
        "commitments": [],
        "receipts": [],
        "send_sequences": [],
        "recv_sequences": [],
        "ack_sequences": [],
        "next_channel_sequence": "0"
      }
    },
    "mint": {
      "minter": {
        "inflation": "0.130000000000000000",
        "annual_provisions": "0.000000000000000000"
      },
      "params": {
        "mint_denom": "utorii",
        "inflation_rate_change": "0.130000000000000000",
        "inflation_max": "0.200000000000000000",
        "inflation_min": "0.070000000000000000",
        "goal_bonded": "0.670000000000000000",
        "blocks_per_year": "6311520"
      }
    },
    "params": null,
    "slashing": {
      "params": {
        "signed_blocks_window": "100",
        "min_signed_per_window": "0.500000000000000000",
        "downtime_jail_duration": "600s",
        "slash_fraction_double_sign": "0.050000000000000000",
        "slash_fraction_downtime": "0.010000000000000000"
      },
      "signing_infos": [],
      "missed_blocks": []
    },
    "staking": {
      "params": {
        "unbonding_time": "21600s",
        "max_validators": 130,
        "max_entries": 7,
        "historical_entries": 10000,
        "bond_denom": "utorii"
      },
      "last_total_power": "0",
      "last_validator_powers": [],
      "validators": [],
      "delegations": [],
      "unbonding_delegations": [],
      "redelegations": [],
      "exported": false
    },
    "transfer": {
      "port_id": "transfer",
      "denom_traces": [],
      "params": {
        "send_enabled": true,
        "receive_enabled": true
      }
    },
    "upgrade": {},
    "vesting": {},
    "wasm": {
      "params": {
        "code_upload_access": {
          "permission": "Everybody",
          "address": ""
        },
        "instantiate_default_permission": "Everybody",
        "max_wasm_code_size": "1228800"
      },
      "codes": [],
      "contracts": [],
      "sequences": [],
      "gen_msgs": []
    }
  }
}
